URL,Version,Status,OIDs,Name,Title,Description,Uses,Used,Sources
http://hl7.org/fhir/ValueSet/address-type,4.0.1,active,"2.16.840.1.113883.4.642.3.69",AddressType,AddressType,"The type of an address (physical / postal).","StructureDefinition/zw-lab-patient","hl7.fhir.r4.core"
http://hl7.org/fhir/ValueSet/address-use,4.0.1,active,"2.16.840.1.113883.4.642.3.67",AddressUse,AddressUse,"The use of an address.","StructureDefinition/zw-lab-patient","hl7.fhir.r4.core"
http://hl7.org/fhir/ValueSet/administrative-gender,4.0.1,active,"2.16.840.1.113883.4.642.3.1",AdministrativeGender,AdministrativeGender,"The gender of a person used for administrative purposes.","StructureDefinition/zw-lab-order,StructureDefinition/zw-lab-patient","hl7.fhir.r4.core"
http://hl7.org/fhir/ValueSet/body-site,4.0.1,draft,"2.16.840.1.113883.4.642.3.141",SNOMEDCTBodyStructures,SNOMED CT Body Structures,"This value set includes all codes from [SNOMED CT](http://snomed.info/sct) where concept is-a 442083009 (Anatomical or acquired body site (body structure)).","StructureDefinition/zw-breastfeeding-status,StructureDefinition/zw-pregnancy-status,StructureDefinition/zw-lab-service-request,StructureDefinition/zw-lab-result-observation,StructureDefinition/zw-specimen","SCT"
http://hl7.org/fhir/ValueSet/bundle-type,4.0.1,active,"2.16.840.1.113883.4.642.3.620",BundleType,BundleType,"Indicates the purpose of a bundle - how it is intended to be used.","StructureDefinition/zw-lab-order-bundle,StructureDefinition/zw-lab-report-bundle","hl7.fhir.r4.core"
http://hl7.org/fhir/ValueSet/clinical-findings,4.0.1,draft,"2.16.840.1.113883.4.642.3.232",SNOMEDCTClinicalFindings,SNOMED CT Clinical Findings,"This value set includes all the ""Clinical finding"" [SNOMED CT](http://snomed.info/sct) codes - concepts where concept is-a 404684003 (Clinical finding (finding)).","StructureDefinition/zw-lab-diagnostic-report","SCT"
http://hl7.org/fhir/ValueSet/composition-attestation-mode,4.0.1,draft,"2.16.840.1.113883.4.642.3.238",CompositionAttestationMode,CompositionAttestationMode,"The way in which a person authenticated a composition.","StructureDefinition/zw-lab-report-composition","hl7.fhir.r4.core"
http://hl7.org/fhir/ValueSet/composition-status,4.0.1,draft,"2.16.840.1.113883.4.642.3.241",CompositionStatus,CompositionStatus,"The workflow/clinical status of the composition.","StructureDefinition/zw-lab-report-composition","hl7.fhir.r4.core"
http://hl7.org/fhir/ValueSet/contact-point-system,4.0.1,active,"2.16.840.1.113883.4.642.3.71",ContactPointSystem,ContactPointSystem,"Telecommunications form for contact point.","StructureDefinition/zw-lab-patient","hl7.fhir.r4.core"
http://hl7.org/fhir/ValueSet/contact-point-use,4.0.1,active,"2.16.840.1.113883.4.642.3.73",ContactPointUse,ContactPointUse,"Use of contact point.","StructureDefinition/zw-lab-patient","hl7.fhir.r4.core"
http://hl7.org/fhir/ValueSet/contactentity-type,4.0.1,draft,"2.16.840.1.113883.4.642.3.416",ContactEntityType,Contact entity type,"This example value set defines a set of codes that can be used to indicate the purpose for which you would contact a contact party.","StructureDefinition/zw-laboratory","THO"
http://hl7.org/fhir/ValueSet/country,5.0.0,draft,"2.16.840.1.113883.4.642.3.3297",CountryValueSet,Country ValueSet,"This value set defines a base set of codes for countries.             Note: The codes for countries are taken from    [ISO 3166](https://www.iso.org/iso-3166-country-codes.html).","StructureDefinition/citizenship","Other"
http://hl7.org/fhir/ValueSet/data-absent-reason,4.0.1,active,"2.16.840.1.113883.4.642.3.5",DataAbsentReason,DataAbsentReason,"Used to specify why the normally expected content of the data element is missing.","StructureDefinition/zw-breastfeeding-status,StructureDefinition/zw-pregnancy-status,StructureDefinition/zw-lab-result-observation","THO"
http://hl7.org/fhir/ValueSet/days-of-week,4.0.1,active,"2.16.840.1.113883.4.642.3.512",DaysOfWeek,DaysOfWeek,"The days of the week.","StructureDefinition/zw-facility","hl7.fhir.r4.core"
http://hl7.org/fhir/ValueSet/diagnostic-report-status,4.0.1,draft,"2.16.840.1.113883.4.642.3.235",DiagnosticReportStatus,DiagnosticReportStatus,"The status of the diagnostic report.","StructureDefinition/zw-lab-diagnostic-report","hl7.fhir.r4.core"
http://hl7.org/fhir/ValueSet/diagnostic-service-sections,4.0.1,draft,"2.16.840.1.113883.4.642.3.234",DiagnosticServiceSectionCodes,Diagnostic Service Section Codes,"This value set includes all the codes in HL7 V2 table 0074.","StructureDefinition/zw-lab-diagnostic-report","THO (V2)"
http://hl7.org/fhir/ValueSet/doc-section-codes,4.0.1,draft,"2.16.840.1.113883.4.642.3.237",DocumentSectionCodes,Document Section Codes,"Document section codes (LOINC codes used in CCDA sections).","StructureDefinition/zw-lab-report-composition","LOINC"
http://hl7.org/fhir/ValueSet/doc-typecodes,4.0.1,draft,"2.16.840.1.113883.4.642.3.240",FHIRDocumentTypeCodes,FHIR Document Type Codes,"FHIR Document Codes - all LOINC codes where scale type = 'DOC'.","StructureDefinition/zw-lab-report-composition","LOINC"
http://hl7.org/fhir/ValueSet/document-classcodes,4.0.1,active,"2.16.840.1.113883.3.88.12.80.46",DocumentClassValueSet,Document Class Value Set,"This is the code specifying the high-level kind of document (e.g. Prescription, Discharge Summary, Report, etc.). Note: Class code for documents comes from LOINC, and is based upon one of the following:The type of service described by the document. It is described at a very high level in Section 7.3 of the LOINC Manual. The type study performed. It was determined by identifying modalities for study reports. The section of the chart where the document is placed. It was determined from the SETs created for Claims Attachment requests.","StructureDefinition/zw-lab-report-composition","LOINC"
http://hl7.org/fhir/ValueSet/document-relationship-type,4.0.1,draft,"2.16.840.1.113883.4.642.3.244",DocumentRelationshipType,DocumentRelationshipType,"The type of relationship between documents.","StructureDefinition/zw-lab-report-composition","hl7.fhir.r4.core"
http://hl7.org/fhir/ValueSet/http-verb,4.0.1,active,"2.16.840.1.113883.4.642.3.624",HTTPVerb,HTTPVerb,"HTTP verbs (in the HTTP command line). See [HTTP rfc](https://tools.ietf.org/html/rfc7231) for details.","StructureDefinition/zw-lab-order-bundle,StructureDefinition/zw-lab-report-bundle","hl7.fhir.r4.core"
http://hl7.org/fhir/ValueSet/identifier-type,4.0.1,active,"2.16.840.1.113883.4.642.3.45",Identifier Type Codes,IdentifierType,"A coded type for an identifier that can be used to determine which identifier to use for a specific purpose.","StructureDefinition/zw-lab-patient,StructureDefinition/zw-laboratory,StructureDefinition/zw-specimen","THO (V2)"
http://hl7.org/fhir/ValueSet/identifier-use,4.0.1,active,"2.16.840.1.113883.4.642.3.57",IdentifierUse,IdentifierUse,"Identifies the purpose for this identifier, if known .","StructureDefinition/zw-lab-patient,StructureDefinition/zw-laboratory,StructureDefinition/zw-specimen","hl7.fhir.r4.core"
http://hl7.org/fhir/ValueSet/languages,4.0.1,draft,"2.16.840.1.113883.4.642.3.20",CommonLanguages,Common Languages,"This value set includes common codes from BCP-47 (http://tools.ietf.org/html/bcp47)","StructureDefinition/zw-lab-task,StructureDefinition/zw-lab-patient,StructureDefinition/zw-laboratory,StructureDefinition/zw-specimen,StructureDefinition/zw-facility,StructureDefinition/zw-lab-diagnostic-report,StructureDefinition/zw-breastfeeding-status,StructureDefinition/zw-pregnancy-status,StructureDefinition/zw-lab-order-bundle,StructureDefinition/zw-lab-service-request,StructureDefinition/zw-lab-result-observation,StructureDefinition/zw-lab-report-bundle,StructureDefinition/zw-lab-report-composition","Other"
http://hl7.org/fhir/ValueSet/link-type,4.0.1,active,"2.16.840.1.113883.4.642.3.423",LinkType,LinkType,"The type of link between this patient resource and another patient resource.","StructureDefinition/zw-lab-patient","hl7.fhir.r4.core"
http://hl7.org/fhir/ValueSet/list-empty-reason,4.0.1,draft,"2.16.840.1.113883.4.642.3.322",ListEmptyReasons,List Empty Reasons,"General reasons for a list to be empty. Reasons are either related to a summary list (i.e. problem or medication list) or to a workflow related list (i.e. consultation list).","StructureDefinition/zw-lab-report-composition","THO"
http://hl7.org/fhir/ValueSet/list-mode,4.0.1,draft,"2.16.840.1.113883.4.642.3.318",ListMode,ListMode,"The processing mode that applies to this list.","StructureDefinition/zw-lab-report-composition","hl7.fhir.r4.core"
http://hl7.org/fhir/ValueSet/list-order,4.0.1,draft,"2.16.840.1.113883.4.642.3.324",ListOrderCodes,List Order Codes,"Base values for the order of the items in a list resource.","StructureDefinition/zw-lab-report-composition","THO"
http://hl7.org/fhir/ValueSet/location-mode,4.0.1,draft,"2.16.840.1.113883.4.642.3.330",LocationMode,LocationMode,"Indicates whether a resource instance represents a specific location or a class of locations.","StructureDefinition/zw-facility","hl7.fhir.r4.core"
http://hl7.org/fhir/ValueSet/location-physical-type,4.0.1,draft,"2.16.840.1.113883.4.642.3.328",LocationType,Location type,"This example value set defines a set of codes that can be used to indicate the physical form of the Location.","StructureDefinition/zw-facility","THO"
http://hl7.org/fhir/ValueSet/location-status,4.0.1,draft,"2.16.840.1.113883.4.642.3.332",LocationStatus,LocationStatus,"Indicates whether the location is still in use.","StructureDefinition/zw-facility","hl7.fhir.r4.core"
http://hl7.org/fhir/ValueSet/medication-as-needed-reason,4.0.1,draft,"2.16.840.1.113883.4.642.3.96",SNOMEDCTMedicationAsNeededReasonCodes,SNOMED CT Medication As Needed Reason Codes,"This value set includes all clinical findings from SNOMED CT - provided as an exemplar value set.","StructureDefinition/zw-lab-service-request","SCT"
http://hl7.org/fhir/ValueSet/name-use,4.0.1,active,"2.16.840.1.113883.4.642.3.65",NameUse,NameUse,"The use of a human name.","StructureDefinition/zw-lab-patient","hl7.fhir.r4.core"
http://hl7.org/fhir/ValueSet/observation-category,4.0.1,draft,"2.16.840.1.113883.4.642.3.403",ObservationCategoryCodes,Observation Category Codes,"Observation Category codes.","StructureDefinition/zw-breastfeeding-status,StructureDefinition/zw-pregnancy-status,StructureDefinition/zw-lab-result-observation","THO"
http://hl7.org/fhir/ValueSet/observation-codes,4.0.1,draft,"2.16.840.1.113883.4.642.3.396",LOINCCodes,LOINC Codes,"This value set includes all LOINC codes","StructureDefinition/zw-breastfeeding-status,StructureDefinition/zw-pregnancy-status,StructureDefinition/zw-lab-result-observation","LOINC"
http://hl7.org/fhir/ValueSet/observation-interpretation,4.0.1,active,"2.16.840.1.113883.4.642.3.399",ObservationInterpretationCodes,Observation Interpretation Codes,"A categorical assessment, providing a rough qualitative interpretation of the observation value,    such as “normal”/ “abnormal”,”low” / “high”, “better” / “worse”, “susceptible” / “resistant”, “expected”/ “not expected”.    The value set is intended to be for ANY use where coded representation of an interpretation is needed.             Notes:          This is being communicated in v2.x in OBX-8 (Observation Interpretation), in v3 in ObservationInterpretation (CWE) in R1 (Representative Realm) and in FHIR in    Observation.interpretation. Historically these values come from the laboratory domain, and these codes are extensively    used. The value set binding is extensible, so codes outside the value set that are needed for interpretation concepts    (i.e. particular meanings) that are not included in the value set can be used, and these new codes may also be added to    the value set and published in a future version.","StructureDefinition/zw-breastfeeding-status,StructureDefinition/zw-pregnancy-status,StructureDefinition/zw-lab-result-observation","THO (V3)"
http://hl7.org/fhir/ValueSet/observation-methods,4.0.1,draft,"2.16.840.1.113883.4.642.3.395",ObservationMethods,Observation Methods,"Observation Method codes from [SNOMED CT](http://snomed.info/sct) where concept is-a 272394005 (Technique (qualifier value)) or is-a 129264002 (Action (qualifier value)) or is-a 386053000 (Evaluation procedure(procedure))","StructureDefinition/zw-breastfeeding-status,StructureDefinition/zw-pregnancy-status,StructureDefinition/zw-lab-result-observation","SCT"
http://hl7.org/fhir/ValueSet/observation-status,4.0.1,active,"2.16.840.1.113883.4.642.3.400",ObservationStatus,ObservationStatus,"Codes providing the status of an observation.","StructureDefinition/zw-breastfeeding-status,StructureDefinition/zw-pregnancy-status,StructureDefinition/zw-lab-result-observation,StructureDefinition/zw-lab-result-report","hl7.fhir.r4.core"
http://hl7.org/fhir/ValueSet/organization-type,4.0.1,draft,"2.16.840.1.113883.4.642.3.414",OrganizationType,Organization type,"This example value set defines a set of codes that can be used to indicate a type of organization.","StructureDefinition/zw-laboratory","THO"
http://hl7.org/fhir/ValueSet/participant-role,4.0.1,draft,"2.16.840.1.113883.4.642.3.152",ParticipantRoles,Participant Roles,"Roles of participants that may be included in a care team.  Defined as: Is a Person, Healthcare professional (occupation) or Healthcare related organization (qualifier value).","StructureDefinition/zw-lab-service-request","SCT"
http://hl7.org/fhir/ValueSet/patient-contactrelationship,4.0.1,active,"2.16.840.1.113883.4.642.3.1130",PatientContactRelationship,Patient Contact Relationship ,"The nature of the relationship between the patient and the contact person.","StructureDefinition/zw-lab-patient","THO (V2)"
http://hl7.org/fhir/ValueSet/performer-role,4.0.1,draft,"2.16.840.1.113883.4.642.3.433",ProcedurePerformerRoleCodes,Procedure Performer Role Codes,"This example value set defines the set of codes that can be used to indicate a role of a procedure performer.","StructureDefinition/zw-lab-task","SCT"
http://hl7.org/fhir/ValueSet/quantity-comparator,4.0.1,active,"2.16.840.1.113883.4.642.3.59",QuantityComparator,QuantityComparator,"How the Quantity should be understood and represented.","StructureDefinition/zw-lab-result-observation","hl7.fhir.r4.core"
http://hl7.org/fhir/ValueSet/referencerange-appliesto,4.0.1,draft,"2.16.840.1.113883.4.642.3.407",ObservationReferenceRangeAppliesToCodes,Observation Reference Range Applies To Codes,"This value set defines a set of codes that can be used to indicate the particular target population the reference range applies to.","StructureDefinition/zw-breastfeeding-status,StructureDefinition/zw-pregnancy-status,StructureDefinition/zw-lab-result-observation","SCT"
http://hl7.org/fhir/ValueSet/referencerange-meaning,4.0.1,draft,"2.16.840.1.113883.4.642.3.397",ObservationReferenceRangeMeaningCodes,Observation Reference Range Meaning Codes,"This value set defines a set of codes that can be used to indicate the meaning/use of a reference range for a particular target population.","StructureDefinition/zw-breastfeeding-status,StructureDefinition/zw-pregnancy-status,StructureDefinition/zw-lab-result-observation","THO"
http://hl7.org/fhir/ValueSet/request-intent,4.0.1,draft,"2.16.840.1.113883.4.642.3.113",RequestIntent,RequestIntent,"Codes indicating the degree of authority/intentionality associated with a request.","StructureDefinition/zw-lab-service-request","hl7.fhir.r4.core"
http://hl7.org/fhir/ValueSet/request-priority,4.0.1,draft,"2.16.840.1.113883.4.642.3.115",RequestPriority,Request priority,"The clinical priority of a diagnostic order.","StructureDefinition/zw-lab-task,StructureDefinition/zw-lab-service-request","hl7.fhir.r4.core"
http://hl7.org/fhir/ValueSet/request-status,4.0.1,draft,"2.16.840.1.113883.4.642.3.111",RequestStatus,RequestStatus,"Codes identifying the lifecycle stage of a request.","StructureDefinition/zw-lab-service-request","hl7.fhir.r4.core"
http://hl7.org/fhir/ValueSet/search-entry-mode,4.0.1,active,"2.16.840.1.113883.4.642.3.622",SearchEntryMode,SearchEntryMode,"Why an entry is in the result set - whether it's included as a match or because of an _include requirement, or to convey information or warning information about the search process.","StructureDefinition/zw-lab-order-bundle,StructureDefinition/zw-lab-report-bundle","hl7.fhir.r4.core"
http://hl7.org/fhir/ValueSet/servicerequest-category,4.0.1,draft,"2.16.840.1.113883.4.642.3.434",ServiceRequestCategoryCodes,Service Request Category Codes,"An example value set of SNOMED CT concepts that can classify a requested service","StructureDefinition/zw-lab-service-request","SCT"
http://hl7.org/fhir/ValueSet/servicerequest-orderdetail,4.0.1,draft,"2.16.840.1.113883.4.642.3.435",ServiceRequestOrderDetailsCodes,Service Request Order Details Codes,"An example value set of Codified order entry details concepts.  These concepts only make sense in the context of what is being ordered.  This example is for a patient ventilation order","StructureDefinition/zw-lab-service-request","SCT"
http://hl7.org/fhir/ValueSet/specimen-collection-method,4.0.1,draft,"2.16.840.1.113883.4.642.3.468",FHIRSpecimenCollectionMethod,FHIR Specimen Collection Method," This example value set defines a set of codes that can be used to indicate the method by which a specimen was collected.","StructureDefinition/zw-specimen","SCT"
http://hl7.org/fhir/ValueSet/specimen-container-type,4.0.1,draft,"2.16.840.1.113883.4.642.3.470",SpecimenContainerType,Specimen Container Type,"Checks on the patient prior specimen collection. All SNOMED CT concepts descendants of 706041008 |Device for body fluid and tissue collection/transfer/processing (physical object)|","StructureDefinition/zw-specimen","SCT"
http://hl7.org/fhir/ValueSet/specimen-processing-procedure,4.0.1,draft,"2.16.840.1.113883.4.642.3.469",SpecimenProcessingProcedure,Specimen processing procedure,"The technique that is used to perform the process or preserve the specimen.","StructureDefinition/zw-specimen","THO (V2)"
http://hl7.org/fhir/ValueSet/specimen-status,4.0.1,draft,"2.16.840.1.113883.4.642.3.471",SpecimenStatus,SpecimenStatus,"Codes providing the status/availability of a specimen.","StructureDefinition/zw-specimen","hl7.fhir.r4.core"
http://hl7.org/fhir/ValueSet/task-code,4.0.1,active,"2.16.840.1.113883.4.642.3.1396",TaskCode,Task Codes,"Codes indicating the type of action that is expected to be performed","StructureDefinition/zw-lab-task","hl7.fhir.r4.core"
http://hl7.org/fhir/ValueSet/task-intent,4.0.1,draft,"2.16.840.1.113883.4.642.3.1240",TaskIntent,TaskIntent,"Distinguishes whether the task is a proposal, plan or full order.","StructureDefinition/zw-lab-task","hl7.fhir.r4.core"
http://hl7.org/fhir/ValueSet/task-status,4.0.1,draft,"2.16.840.1.113883.4.642.3.790",TaskStatus,TaskStatus,"The current status of the task.","StructureDefinition/zw-lab-task","hl7.fhir.r4.core"
http://mohcc.gov.zw/fhir/core/ValueSet/ZimDistrict,0.1.0,draft,,ZimDistrictVS,Zimbabwe District Value Set,"Districts (and metropolitan sub-units) of Zimbabwe, coded by their 4-character district code (province + district).","StructureDefinition/zw-lab-patient","zw.fhir.ig.core"
http://mohcc.gov.zw/fhir/core/ValueSet/ZimGender,0.1.0,draft,,ZimGenderVS,Gender Value Set,"Administrative Gender","StructureDefinition/zw-lab-patient","hl7.fhir.r4.core"
http://mohcc.gov.zw/fhir/core/ValueSet/ZimLanguage,0.1.0,draft,,ZimLanguageVS,Zimbabwe Language Value Set,"Official languages of Zimbabwe (per the 2013 Constitution, Section 6), expressed as BCP-47 codes.","StructureDefinition/zw-lab-patient","Other"
http://mohcc.gov.zw/fhir/core/ValueSet/ZimMaritalStatus,0.1.0,draft,,ZimMaritalStatusVS,MaritalStatus Value Set,"Administrative Marital Status","StructureDefinition/zw-lab-patient","THO (V3)"
http://mohcc.gov.zw/fhir/core/ValueSet/ZimProvince,0.1.0,draft,,ZimProvinceVS,Zimbabwe Province Value Set,"The ten provinces of Zimbabwe.","StructureDefinition/zw-lab-patient","zw.fhir.ig.core"
http://mohcc.gov.zw/fhir/lab/ValueSet/zw-lab-tests,0.1.0,active,,VSZWLabTests,ZW Laboratory Tests,"Value set of laboratory tests requestable in Zimbabwe (ZW.LAB.A.DE17).","StructureDefinition/zw-lab-diagnostic-report,StructureDefinition/zw-lab-order,StructureDefinition/zw-lab-service-request,StructureDefinition/zw-lab-result-observation","Internal"
http://mohcc.gov.zw/fhir/lab/ValueSet/zw-laboratories,0.1.0,active,,VSZWLaboratories,ZW National Laboratory List,"Value set of national laboratory identifiers in Zimbabwe.","StructureDefinition/zw-lab-order","Internal"
http://mohcc.gov.zw/fhir/lab/ValueSet/zw-reason-for-test,0.1.0,active,,VSZWReasonForTest,ZW Reason for Test,"Value set of reasons for laboratory test requests in Zimbabwe (ZW.LAB.A.DE30).","StructureDefinition/zw-lab-order,StructureDefinition/zw-lab-service-request","Internal"
http://mohcc.gov.zw/fhir/lab/ValueSet/zw-rejection-reasons,0.1.0,active,,VSZWRejectionReasons,ZW Specimen Rejection Reasons,"Value set of specimen rejection reasons (ZW.LAB.A.DE88).","StructureDefinition/zw-specimen,StructureDefinition/zw-lab-result-report","Internal"
http://mohcc.gov.zw/fhir/lab/ValueSet/zw-report-review-state,0.1.0,active,,VSZWReportReviewState,ZW Report Review State,"Value set of LIMS workflow states for a laboratory report (ZW.LAB.A.DE73).","StructureDefinition/zw-lab-result-report,StructureDefinition/report-review-state","Internal"
http://mohcc.gov.zw/fhir/lab/ValueSet/zw-sample-types,0.1.0,active,,VSZWSampleTypes,ZW Specimen Types,"Value set of specimen/sample types used in Zimbabwe (ZW.LAB.A.DE53).","StructureDefinition/zw-lab-order,StructureDefinition/zw-specimen","Internal"
http://terminology.hl7.org/ValueSet/v2-0116,2.9,active,,v2.0116,v2 BED STATUS,"FHIR Value set/code system definition for HL7 v2 table 0116 ( BED STATUS)","StructureDefinition/zw-facility","THO (V2)"
http://terminology.hl7.org/ValueSet/v2-0371,2.9,active,,v2.0371,v2 Additive,"FHIR Value set/code system definition for HL7 v2 table 0371 ( Additive)","StructureDefinition/zw-specimen","THO (V2)"
http://terminology.hl7.org/ValueSet/v2-0916,2.9,active,,v2.0916,v2 Relevant Clincial Information,"FHIR Value set/code system definition for HL7 v2 table 0916 ( Relevant Clincial Information)","StructureDefinition/zw-specimen","THO (V2)"
http://terminology.hl7.org/ValueSet/v3-ActCode,2018-08-12,active,,v3.ActCode,v3 Code System ActCode," A code specifying the particular kind of Act that the Act-instance represents within its class.  Constraints:  The kind of Act (e.g. physical examination, serum potassium, inpatient encounter, charge financial transaction, etc.) is specified with a code from one of several, typically external, coding systems.  The coding system will depend on the class of Act, such as LOINC for observations, etc. Conceptually, the Act.code must be a specialization of the Act.classCode. This is why the structure of ActClass domain should be reflected in the superstructure of the ActCode domain and then individual codes or externally referenced vocabularies subordinated under these domains that reflect the ActClass structure. Act.classCode and Act.code are not modifiers of each other but the Act.code concept should really imply the Act.classCode concept. For a negative example, it is not appropriate to use an Act.code ""potassium"" together with and Act.classCode for ""laboratory observation"" to somehow mean ""potassium laboratory observation"" and then use the same Act.code for ""potassium"" together with Act.classCode for ""medication"" to mean ""substitution of potassium"". This mutually modifying use of Act.code and Act.classCode is not permitted.","StructureDefinition/zw-lab-report-composition","THO (V3)"
http://terminology.hl7.org/ValueSet/v3-ConfidentialityClassification,2014-03-26,active,"2.16.840.1.113883.1.11.10228",v3.ConfidentialityClassification,V3 Value SetConfidentialityClassification," Set of codes used to value Act.Confidentiality and Role.Confidentiality attribute in accordance with the definition for concept domain ""Confidentiality"".","StructureDefinition/zw-lab-report-composition","THO (V3)"
http://terminology.hl7.org/ValueSet/v3-ServiceDeliveryLocationRoleType,2014-03-26,active,"2.16.840.1.113883.1.11.17660",v3.ServiceDeliveryLocationRoleType,V3 Value SetServiceDeliveryLocationRoleType," A role of a place that further classifies the setting (e.g., accident site, road side, work site, community location) in which services are delivered.","StructureDefinition/zw-lab-service-request,StructureDefinition/zw-facility","THO (V3)"
